Project,SLOC Count
60,240
189,678
192,476
208,664
215,584
221,693
230,785
233,633
236,56
239,580
240,137
242,291
243,57
244,639
245,364
248,793
249,792
250,600
251,233
252,162
255,239
257,86
261,98
267,313
271,815
274,175
280,7298
286,282
287,471
292,383
294,56
295,444
304,172
305,865
313,658
316,940
317,364
318,237
324,1380
325,1136
326,408
327,1416
328,1534
330,962
333,163
335,877
337,286
338,3133
343,545
344,882
347,1384
349,6056
351,1118
352,265
354,2097
360,1379
361,896
369,2029
371,1043
373,741
376,299
378,994
380,809
385,5964
390,323
392,1251
398,786
400,1210
402,331
403,614
405,532
414,3666
416,851
417,968
420,737
421,1914
436,94
439,312
442,395
445,1483
452,166
457,597
458,229
462,459
464,140
465,242
468,62
471,401
485,4776
486,475
492,690
493,683
494,2166
495,689
508,639
509,34
510,166
512,292
513,66
516,381
517,378
518,399
519,74
521,86
522,223
524,208
526,718
529,703
532,300
533,767
534,405
535,186
536,22
537,394
540,402
541,1392
543,719
550,141
553,198
554,628
555,1030
556,718
558,196
561,461
565,498
570,134
571,667
573,1806
574,266
575,321
576,1125
577,1444
578,83
579,190
580,173
581,385
582,533
583,399
584,1838
585,126
586,4109
593,888
595,732
597,381
604,393
607,203
608,799
609,2071
610,296
611,151
612,83
613,126
617,986
619,90
622,474
623,206
624,1553
626,81
627,334
628,206
629,143
631,77
632,1214
635,417
639,588
647,641
648,81
652,817
656,205
660,292
663,221
665,2306
669,157
670,1073
674,267
675,553
677,491
680,224
684,10003
685,34
687,1439
688,406
689,687
690,366
695,514
710,280
711,523
714,514
717,1014
718,321
728,348
729,452
732,212
735,213
738,470
750,54
752,1690
753,272
762,51
763,426
764,616
766,263
767,161
768,565
769,529
773,257
774,1595
777,726
778,953
779,726
782,1345
784,1105
787,827
788,795
794,213
802,351
803,362
804,709
806,173
809,305
814,595
815,445
816,720
817,215
818,48
819,386
820,688
821,687
822,513
823,451
824,901
825,1827
835,1057
836,723
839,409
840,34
842,389
850,174
859,357
864,209
868,417
871,1536
872,10180
874,82
878,537
879,1059
882,1647
884,110
890,134
895,1943
900,399
902,642
904,597
908,684
917,39
918,385
921,195
922,719
924,178
925,572
932,392
933,575
938,330
943,156
944,510
949,236
951,188
955,337
958,107
966,218
971,196
979,56
982,117
983,987
984,497
990,382
1001,572
1004,218
1005,1533
1006,284
1007,381
1011,212
1013,943
1015,143
1017,1405
1019,176
1022,32
1023,12365
1026,953
1027,240
1033,4740
1034,661
1039,16556
1042,257
1046,278
1048,334
1051,97
1052,1448
1053,418
1054,515
1055,142
1057,991
1061,462
1064,121
1071,3859
1079,726
1080,41
1081,4872
1082,1633
1083,2036
1084,320
1085,2038
1086,1093
1093,3192
1094,1219
1095,237
1096,332
1097,605
1102,165
1103,319
1105,90
1107,416
1108,598
1109,761
1110,329
1111,1924
1112,1149
1113,695
1114,1260
1115,723
1116,701
1122,743
1123,876
1124,832
1125,723
1126,1524
1127,225
1128,1355
1129,959
1130,527
1131,1133
1133,1916
1134,661
1135,730
1138,1134
1143,885
1146,918
1147,1038
1155,669
1156,857
1158,142
1163,212
1164,963
1170,203
1172,1077
1175,735
1176,662
1177,244
1178,444
1179,575
1183,354
1186,795
1188,117
1202,187
1203,267
1208,223
1209,189
1216,169
1221,619
1227,1197
1228,1167
1229,1265
1233,2527
1237,691
1238,480
1240,119
1246,29155
1253,719
1257,352
1265,60
1277,587
1282,233
1284,762
1287,1428
1291,2105
1293,107
1294,148
1297,682
1301,611
1303,1043
1309,2019
1317,213
1321,398
1322,188
1323,175
1325,311
1333,576
1335,203
1336,127
1337,59
1351,140
1352,103
1354,179
1357,311
1364,535
1366,275
1367,302
1370,442
1373,212
1375,34
1379,595
1380,76
1384,111
1385,168
1386,218
1387,336
1389,94
1392,1258
1394,409
1397,2670
1398,278
1399,2940
1403,289
1405,4021
1406,530
1407,1536
1410,208
1411,162
1415,341
1418,1067
1420,43
1422,293
1423,651
1424,1121
1425,498
1426,200
1430,925
1434,737
1435,1096
1436,886
1438,1943
1439,987
1441,460
1444,1114
1445,563
1446,938
1447,1262
1448,772
1449,599
1450,893
1461,484
1462,237
1463,411
1469,152
1470,285
1474,1457
1475,760
1476,1936
1477,178
1478,672
1480,30
1483,97
1485,1091
1486,562
1492,123
1493,137
1498,1260
1499,398
1500,74
1501,539
1503,99
1510,595
1512,403
1513,1063
1518,598
1522,188
1526,5390
1527,198
1528,219
1530,344
1531,629
1532,725
1533,227
1536,517
1537,235
1539,349
1540,563
1541,494
1542,1151
1545,1731
1546,1633
1550,524
1552,83
1561,70
1564,130
1567,195
1569,556
1576,242
1578,1161
1580,1684
1587,545
1591,544
1623,475
1627,378
1636,63
1640,108
1641,225
1642,225
1643,185
1646,114
1652,262
1659,373
1661,373
1662,97
1672,315
1675,282
1676,319
1720,1407
1722,419
1724,1039
1725,1035
1727,377
1743,112
1758,1865
1778,751
1779,458
1780,2567
1781,8
1782,2794
1783,691
1798,201
1801,937
1802,808
1807,1504
1808,960
1812,159
1823,174
1825,1162
1835,1630
1843,1322
1855,297
1857,437
1859,279
1860,386
1862,248
1864,270
1865,268
1866,228
1867,255
1868,167
1871,234
1873,146
1874,226
1875,214
1876,279
1877,400
1878,234
1880,297
1884,217
1887,246
1888,158
1889,1452
1890,378
1891,186
1892,178
1893,696
1902,216
1904,65
1905,285
1906,569
1907,1725
1908,163
1910,163
1915,480
1916,244
1917,180
1918,680
1921,191
1922,166
1930,709
1932,162
1934,378
1938,1036
1940,188
1942,311
1948,450
1959,413
1962,201
1963,111
1966,204
1969,208
1970,345
1971,309
1974,131
1976,139
1977,179
1979,300
1980,194
1986,199
1987,160
1988,187
1989,239
1990,209
2015,697
2016,309
2017,8206
2021,7674
2024,940
2026,1446
2030,183
2031,208
2033,205
2037,785
2040,877
2044,153
2046,105
2047,535
2048,43
2049,46
2052,160
2053,472
2055,125
2056,136
2064,277
2066,475
2067,341
2073,1110
2076,2642
2077,779
2078,1339
2079,802
2084,225
2085,275
2089,340
2092,208
2094,74
2095,759
2096,844
2107,171
2108,654
2111,191
2113,157
2117,170
2120,1030
2126,1673
2128,1175
2130,820
2131,124
2132,41
2138,575
2142,1042
2144,531
2158,762
2159,762
2160,552
2161,1389
2165,2193
2168,578
2169,1230
2170,426
2171,267
2174,792
2175,715
2176,373
2182,353
2185,626
2191,336
2194,192
2195,151
2198,514
2199,583
2200,519
2209,156
2210,536
2211,271
2215,86
2222,380
2226,633
2232,72
2233,276
2236,303
2238,577
2241,28
2242,38
2243,128
2245,471
2246,406
2249,370
2252,321
2253,939
2254,499
2255,1222
2260,982
2266,315
2282,703
2283,1401
2284,266
2285,1075
2289,655
2290,702
2291,437
2294,651
2296,705
2298,496
2300,748
2301,1108
2303,68
2305,228
2306,450
2307,445
2309,89
2313,482
2314,225
2317,357
2318,207
2334,146
2335,945
2342,658
2343,137
2345,221
2353,227
2354,525
2356,794
2358,97
2359,101
2364,292
2365,173
2366,184
2367,171
2369,134
2370,2026
2371,1020
2372,2612
2373,133
2375,815
2376,153
2383,296
2384,1063
2385,311
2386,209
2387,177
2388,324
2390,186
2397,723
2398,415
2399,111
2401,132
2402,153
2405,161
2412,161
2415,976
2421,44
2427,61
2431,380
2432,308
2435,145
2437,81
2438,181
2439,170
2440,149
2441,36
2442,900
2444,9917
2450,199
2452,73
2453,172
2455,78
2456,116
2458,114
2461,107
2462,151
2463,235
2464,133
2471,226
2476,155
2477,680
2478,533
2479,726
2482,397
2483,248
2484,426
2485,872
2486,54
2487,523
2488,683
2489,280
2490,201
2491,796
2493,204
2495,1092
2496,157
2497,194
2498,1126
2503,192
2504,463
2509,1931
2513,166
2514,200
2521,286
2524,862
2538,190
2557,154
2575,63
2576,72
2579,546
2583,224
2591,199
2594,163
2596,141
2599,165
2602,1043
2603,174
2626,195
2627,42
2629,184
2638,610
2640,442
2641,411
2642,343
2653,474
2657,916
2658,156
2662,809
2667,113
2680,205
2683,152
2684,141
2689,549
2690,277
2692,826
2693,380
2694,162
2695,209
2699,3350
2701,1969
2702,160
2707,2761
2710,725
2711,474
2713,420
2715,815
2718,1936
2719,136
2720,498
2721,3327
2722,592
2723,277
2729,444
2731,293
2735,667
2738,47
2740,476
2741,476
2747,122
2748,43
2749,112
2754,243
2756,240
2758,204
2765,398
2773,346
2776,229
2786,1595
2806,139
2810,303
2813,302
2815,183
2820,7679
2821,134
2823,715
2828,100
2830,711
2848,1116
2862,976
2865,986
2866,3701
2871,3502
2872,1059
2873,1501
2874,1734
2878,2499
2879,951
2883,1804
2884,1804
2885,1154
2888,1057
2889,967
2891,262
2893,229
2895,1156
2897,264
2906,211
2909,452
2918,173
2921,208
2926,751
2932,2329
2937,682
2938,1009
2948,1958
2955,1127
2960,304
2961,521
2964,73
2965,138
2968,214
2970,683
2978,1027
2983,2302
2984,1286
2989,1696
2995,378
2998,635
2999,1155
3000,1096
3001,376
3002,58
3003,377
3010,598
3011,808
3016,595
3021,1084
3022,111
3023,429
3024,431
3028,250
3035,371
3039,35
3040,295
3041,952
3043,435
3046,413
3047,297
3049,481
3056,1559
3058,198
3059,171
3061,174
3068,235
3072,1183
3074,251
3076,1010
3080,1970
3081,1745
3085,1031
3096,183
3112,268
3123,449
3125,1099
3126,368
3133,175
3134,366
3135,189
3136,747
3138,294
3139,220
3141,530
3146,316
3147,998
3149,297
3150,241
3151,1601
3152,745
3154,142
3155,254
3156,814
3157,1022
3158,301
3164,362
3170,911
3171,216
3174,551
3181,1059
3182,354
3183,331
3187,406
3204,366
3207,520
3224,1772
3230,88
3244,141
3249,807
3262,200
3283,486
3284,765
3286,269
3287,221
3288,45
3289,89
3293,693
3295,347
3296,33
3319,1211
3324,61
3330,1239
3332,3122
3334,632
3337,56
3345,6924
3346,37
3359,28
3361,76
3362,817
3380,55
3383,189
3384,477
3385,588
3387,130
3388,75
3389,252
3392,879
3393,714
3395,4004
3396,671
3402,257
3405,1020
3406,246
3407,629
3411,71
3413,559
3417,140
3420,55
3421,104
3422,190
3423,159
3426,525
3427,1190
3429,1594
3430,1155
3437,26
3438,150
3439,807
3441,1162
3448,492
3452,307
3454,307
3455,307
3456,360
3457,23
3458,29
3459,325
3460,205
3461,205
3463,276
3485,270
3491,217
3512,315
3513,165
3516,344
3517,37
3528,182
3529,197
3534,51
3535,369
3536,176
3537,211
3542,190
3543,163
3548,371
3551,270
3555,118
3557,242
3558,131
3563,166
3583,183
3586,708
3587,704
3590,132
3596,1217
3598,161
3600,3568
3613,782
3624,155
3628,494
3629,170
3636,413
3643,117
3659,354
3662,156
3663,156
3665,69
3667,212
3669,196
3671,96
3674,198
3676,105
3677,23
3678,5715
3683,926
3684,169
3688,96
3691,116
3694,705
3699,186
3700,832
3701,172
3706,315
3707,639
3712,152
3720,2833
3723,753
3724,31
3725,438
3726,494
3727,421
3731,171
3733,5900
3741,8670
3747,616
3749,582
3751,285
3756,560
3757,611
3763,295
3766,5092
3767,151
3769,353
3772,62
3774,307
3779,160
3780,798
3781,1713
3782,237
3783,558
3784,240
3785,130
3787,123
3792,201
3797,84
3798,484
3799,441
3801,1543
3802,184
3805,81
3807,1837
3812,324
3815,1313
3823,801
3824,1163
3825,1116
3828,806
3831,98
3833,3809
3835,570
3836,391
3837,221
3838,701
3841,376
3844,457
3845,194
3860,838
3863,2846
3869,291
3870,1617
3873,485
3876,158
3880,193
3885,1687
3886,2502
3887,347
3889,1753
3892,964
3899,529
3900,358
3902,479
3906,199
3908,388
3918,834
3919,617
3921,207
3922,163
3924,96
3925,96
3928,954
3932,280
3934,799
3935,241
3936,1089
3947,134
3950,85
3960,823
3964,659
3976,352
3986,709
3987,69
3988,205
3992,507
3993,183
3995,675
3997,127
3999,164
4001,997
4003,406
4005,60
4010,109
4013,111
4019,707
4020,861
4021,385
4022,311
4026,345
4028,728
4033,111
4036,95
4042,187
4045,301
4052,70
4053,513
4057,530
4063,644
4065,181
4070,99
4071,290
4073,175
4074,237
4077,197
4079,474
4082,326
4086,234
4089,285
4092,162
4102,227
4103,290
4108,188
4111,32
4112,512
4114,111
4119,86
4120,47
4125,402
4129,261
4132,2295
4135,143
4137,100
4141,190
4143,200
4144,281
4145,322
4147,521
4148,354
4150,184
4152,174
4153,192
4156,187
4159,135
4160,152
4163,398
4165,154
4169,37
4174,290
4180,41
4181,409
4182,339
4188,142
4189,198
4190,932
4192,400
4197,50
4198,52
4202,171
4205,658
4209,132
4217,600
4226,693
4228,185
4229,261
4232,361
4233,616
4234,336
4235,611
4236,524
4238,148
4240,306
4242,299
4243,894
4244,524
4247,237
4248,371
4249,530
4250,647
4252,218
4253,243
4254,287
4255,270
4258,218
4259,231
4261,423
4264,175
4265,166
4273,345
4276,163
4281,73
4282,608
4287,382
4288,396
4290,220
4292,406
4306,185
4307,250
4313,143
4347,41
4351,318
4358,169
4422,146
4540,201
4544,1084
4548,1101
4550,2300
4551,123
4555,323
4558,205
4559,777
4561,608
4563,243
4564,243
4566,168
4567,111
4570,319
4571,825
4572,1190
4576,782
4581,301
4593,102
4595,43
4596,120
4597,318
4598,283
4599,215
4600,268
4602,174
4603,232
4604,139
4607,227
4608,265
4611,396
4623,115
4627,3121
4640,72
4649,81
4654,403
4660,1794
4662,1407
4664,259
4666,554
4667,505
4672,277
4674,735
4675,175
4677,153
4678,206
4682,443
4688,829
4701,149
4706,129
4709,1280
4713,179
4717,221
4720,404
4727,235
4730,121
4739,622
4741,609
4743,86
4759,94
4762,181
4764,1320
4765,943
4767,79
4773,636
4776,94
4777,132
4787,522
4788,527
4794,78
4799,206
4800,160
4803,348
4813,204
4817,177
4818,648
4819,233
4820,103
4821,448
4822,95
4823,214
4826,81
4831,209
4834,868
4835,46
4839,780
4841,297
4843,829
4851,1530
4853,18
4857,873
4859,407
4861,432
4862,145
4870,832
4872,881
4885,840
4886,224
4888,33
4890,114
4893,233
4902,439
4917,130
4919,110
4920,84
4921,224
4923,379
4933,92
4936,193
4937,481
4938,300
4939,497
4944,2752
4949,258
4952,106
4953,40
4956,42
4974,92
4976,1227
4978,536
4981,297
4984,5643
4991,274
4992,441
4998,199
4999,324
5010,252
5014,233
5015,648
5022,2670
5027,1752
5040,492
5041,467
5042,350
5045,104
5046,75
5048,177
5051,288
5055,844
5056,133
5064,110
5078,486
5082,3755
5098,1160
5100,3961
5102,335
5104,654
5108,2548
5116,118
5120,369
5129,573
5133,221
5136,206
5137,2894
5162,377
5172,314
5173,389
5176,380
5177,44
5182,186
5190,173
5192,154
5193,76
5197,351
5200,203
5202,190
5203,190
5206,1502
5207,254
5209,1287
5211,1149
5214,96
5216,105
5225,436
5226,108
5228,474
5229,256
5230,151
5231,444
5235,256
5240,308
5245,1718
5251,515
5253,10648
5270,95
5271,1554
5275,147
5277,398
5279,159
5280,839
5281,308
5282,699
5283,140
5288,365
5291,1488
5292,1400
5293,776
5295,810
5296,866
5304,356
5305,3977
5307,572
5309,95
5310,121
5313,183
5314,63
5315,67
5316,360
5317,165
5318,106
5319,1567
5320,904
5323,20
5325,516
5326,919
5328,188
5329,221
5330,862
5331,149
5333,653
5336,448
5338,376
5339,2614
5340,252
5341,80
5346,125
5347,1384
5348,256
5349,326
5351,87
5352,272
5353,479
5354,471
5355,409
5359,1035
5360,578
5364,152
5365,133
5368,482
5370,1352
5371,190
5373,525
5374,390
5375,316
5376,184
5379,306
5380,52
5381,1086
5382,554
5387,264
5390,910
5393,319
5397,658
5399,1242
5400,413
5402,482
5406,479
5407,1065
5408,111
5410,167
5412,1443
5414,674
5415,287
5417,61
5418,166
5420,919
5421,277
5422,842
5426,262
5427,130
5428,426
5432,56
5435,223
5445,1348
5459,188
5460,369
5461,154
5464,72
5466,33
5467,190
5470,69
5471,226
5473,990
5476,214
5482,479
5492,287
5496,735
5502,168
5503,380
5525,820
5531,593
5534,239
5553,957
5572,415
5575,881
5576,652
5579,566
5582,1813
5587,33
5589,6681
5593,64
5595,102
5596,124
5597,2471
5598,296
5599,169
5600,140
5603,243
5604,467
5605,559
5606,271
5607,700
5608,2026
5617,835
5618,332
5619,342
5622,1015
5625,711
5626,202
5628,956
5629,68
5633,74
5640,346
5641,811
5642,1104
5643,1828
5645,396
5646,210
5650,489
5652,75
5655,935
5657,117
5658,1394
5660,377
5661,132
5662,685
5663,539
5664,820
5669,75
5672,48
5676,61
5677,287
5678,182
5679,76
5681,3557
5682,278
5685,643
5686,97
5688,320
5692,255
5695,347
5704,158
5705,505
5706,364
5707,272
5708,131
5709,31
5710,152
5715,90
5718,155
5724,104
5727,133
5729,104
5730,112
5731,116
5733,218
5734,220
5735,169
5736,316
5739,189
5740,464
5743,456
5744,222
5745,201
5746,83
5747,147
5749,79
5750,210
5751,389
5754,927
5756,206
5757,578
5758,94
5759,160
5764,207
5768,81
5769,107
5770,665
5774,543
5777,112
5778,254
5779,886
5780,1100
5781,359
5785,364
5789,2474
5790,390
5795,110
5796,205
5800,141
5801,153
5802,210
5804,132
5805,882
5806,374
5812,76
5813,288
5815,267
5818,621
5819,86
5823,358
5825,261
5827,156
5830,1365
5831,210
5832,1274
5836,1733
5841,199
5844,447
5845,183
5847,650
5848,7034
5849,271
5853,1975
5856,317
5859,420
5863,173
5867,409
5870,149
5873,262
5874,1239
5875,186
5879,61
5880,182
5881,40
5882,128
5883,350
5884,297
5886,180
5900,351
5902,92
5906,45
5908,193
5917,183
5919,637
5921,356
5935,558
5936,149
5937,217
5940,259
5941,42
5944,651
5948,222
5949,304
5952,149
5953,200
5957,366
5960,268
5961,209
5965,78
5966,282
5970,573
5971,415
5972,105
5973,87
5974,273
5975,138
5980,137
5984,270
5986,309
5989,265
5990,518
5991,428
5993,171
5994,170
5995,90
5997,147
5998,40
6012,185
6013,171
6014,185
6015,187
6016,216
6018,208
6019,480
6024,13040
6025,334
6028,232
6035,131
6037,91
6039,38
6042,1719
6063,146
6069,195
6072,842
6075,528
6079,530
6080,258
6082,143
6092,548
6094,177
6103,2306
6104,169
6107,217
6108,450
6110,739
6125,14650
6132,342
6134,445
6136,292
6137,285
6138,340
6140,262
6142,359
6143,249
6146,299
6148,381
6150,243
6151,438
6153,402
6154,508
6157,332
6159,231
6160,462
6161,410
6169,1041
6171,340
6182,559
6193,94
6202,131
6214,281
6216,256
6219,333
6257,137
6265,301
6266,413
6275,157
6276,161
6278,256
6280,651
6282,780
6284,596
6285,509
6286,2146
6291,419
6297,69
6301,617
6309,82
6312,128
6313,193
6315,364
6321,22
6322,85
6323,125
6325,366
6329,268
6331,378
6334,250
6338,149
6339,647
6340,133
6341,92
6342,682
6345,479
6348,79
6349,185
6350,174
6351,102
6352,822
6354,56
6355,461
6360,266
6361,630
6362,22
6363,312
6367,77
6369,294
6372,99
6386,22
6387,125
6388,132
6389,191
6390,376
6391,302
6400,88
6404,168
6406,143
6409,713
6410,1218
6414,80
6416,214
6417,220
6420,367
6422,934
6424,217
6430,47
6433,127
6434,458
6436,752
6437,81
6438,90
6439,172
6440,109
6441,268
6442,196
6443,110
6444,209
6445,121
6446,125
6447,64
6448,102
6449,228
6452,87
6453,257
6455,110
6457,133
6458,530
6482,339
6483,332
6485,244
6491,498
6497,805
6504,108
6505,168
6506,95
6507,78
6508,80
6509,90
6510,94
6511,164
6512,65
6514,296
6524,117
6530,338
6531,110
6532,319
6533,393
6536,96
6540,270
6544,224
6552,150
6556,201
6558,189
6561,95
6562,173
6563,81
6564,93
6565,95
6566,149
6567,95
6568,552
6569,101
6570,101
6571,80
6575,227
6579,552
6580,472
6582,238
6589,63
6594,2802
6595,146
6596,82
6597,93
6598,167
6599,81
6600,354
6601,73
6602,80
6603,212
6604,212
6606,97
6607,235
6608,80
6609,97
6610,86
6611,168
6612,149
6613,69
6614,212
6615,212
6616,394
6618,202
6620,227
6621,1146
6622,546
6624,218
6625,261
6629,97
6630,99
6631,261
6632,145
6633,249
6634,101
6635,183
6636,97
6637,117
6638,181
6639,212
6640,205
6641,97
6642,111
6644,78
6645,716
6648,309
6649,212
6650,286
6651,299
6652,120
6653,267
6654,302
6655,305
6657,216
6658,3056
6659,395
6662,123
6663,119
6664,556
6678,304
6679,64
6682,106
6688,235
6698,824
6703,111
6705,266
6706,291
6712,296
6714,148
6717,2365
6719,285
6722,1419
6732,596
6733,442
6734,439
6739,442
6741,442
6746,210
6747,687
6750,235
6752,502
6754,65
6757,442
6760,275
6763,1128
6764,405
6766,397
6767,469
6768,443
6770,334
6775,980
6777,270
6779,529
6784,261
6785,323
6787,207
6790,316
6791,381
6793,505
6797,212
6800,622
6802,885
6803,516
6805,1341
6812,1146
6823,289
6831,26
6834,963
6837,720
6843,1784
6844,278
6845,868
6846,372
6848,700
6849,678
6852,1320
6853,1243
6854,668
6855,635
6856,760
6857,8179
6858,721
6859,623
6861,5199
6862,943
6863,650
6864,674
6865,764
6866,650
6867,1130
6868,1041
6869,10477
6870,2709
6871,4105
6872,5431
6876,240
6877,4798
6879,1315
6882,220
6883,3468
6884,1979
6890,268
6895,420
6896,314
6901,89
6903,791
6909,332
6920,1108
6922,2313
6924,183
6926,1759
6927,4801
6928,326
6939,650
6940,831
6946,791
6949,420
6951,349
6952,582
6960,130
6961,277
6965,257
6966,842
6978,183
6979,132
6980,207
6990,385
6991,80
6992,80
6998,270
7002,268
7003,425
7006,341
7008,165
7009,519
7010,228
7012,970
7013,608
7014,802
7015,586
7017,608
7023,1141
7044,574
7056,917
7057,1594
7059,302
7060,227
7061,103
7067,341
7068,698
7069,44
7074,117
7077,1090
7078,964
7079,584
7080,418
7081,325
7084,1859
7088,218
7089,1034
7095,436
7101,164
7102,164
7104,298
7109,673
7115,212
7122,515
7124,112
7125,108
7126,82
7127,520
7128,922
7129,99
7130,544
7134,194
7135,359
7138,125
7143,294
7146,59
7147,367
7148,153
7158,265
7164,638
7165,1223
7173,3888
7174,403
7176,288
7179,41
7180,288
7181,562
7182,194
7184,671
7185,153
7187,222
7192,333
7197,220
7198,2566
7199,114
7201,751
7207,1140
7212,940
7214,844
7223,853
7225,217
7227,688
7228,275
7229,305
7234,1361
7243,209
7244,163
7251,2895
7254,362
7255,347
7256,417
7260,601
7261,123
7263,65
7265,920
7267,280
7268,885
7271,596
7278,163
7284,125
7285,1588
7286,258
7290,673
7301,1510
7303,1166
7304,329
7305,356
7306,345
7307,244
7308,360
7309,238
7311,184
7312,371
7313,336
7314,175
7335,244
7336,235
7337,240
7338,235
7339,244
7340,244
7342,244
7343,231
7345,535
7347,235
7348,235
7351,235
7353,386
7356,552
7357,244
7359,552
7360,417
7362,240
7363,282
7364,278
7367,282
7368,282
7370,282
7372,282
7373,282
7374,386
7377,184
7378,90
7379,184
7381,554
7382,554
7383,493
7384,555
7385,257
7390,187
7392,384
7396,206
7401,87
7402,1369
7404,119
7410,1348
7411,551
7412,2139
7416,2221
7417,1922
7420,244
7422,282
7423,416
7425,167
7432,308
7435,244
7438,585
7441,5172
7442,723
7452,1264
7454,856
7455,330
7456,769
7457,61
7460,64
7465,664
7468,835
7472,2017
7474,801
7475,747
7476,745
7479,287
7485,147
7488,801
7489,774
7490,763
7491,876
7492,767
7494,1072
7495,1134
7499,871
7500,259
7517,332
7518,363
7519,2162
7520,19
7523,591
7527,438
7529,326
7532,278
7536,155
7541,103
7544,16
7549,285
7551,528
7553,111
7557,493
7558,470
7564,177
7569,381
7571,168
7573,374
7575,436
7586,124
7593,282
7596,1164
7603,261
7604,781
7605,810
7606,781
7617,781
7618,810
7619,781
7620,781
7621,775
7622,1766
7623,468
7626,748
7627,760
7633,267
7634,146
7635,146
7641,753
7642,435
7643,322
7644,134
7646,352
7647,182
7649,478
7650,1525
7651,210
7655,769
7656,775
7657,725
7659,182
7662,2597
7664,761
7666,2410
7670,211
7671,166
7672,201
7678,810
7679,781
7680,775
7682,334
7683,118
7693,7205
7701,487
7703,275
7706,434
7708,753
7711,810
7714,781
7715,781
7716,775
7726,9147
7735,1159
7744,234
7747,268
7751,254
7752,266
7753,907
7758,668
7763,156
7766,202
7769,1741
7772,847
7776,404
7777,260
7779,233
7781,510
7787,137
7791,231
7799,141
7803,191
7813,3170
7814,69
7838,381
7841,37
7842,263
7845,2936
7850,293
7853,984
7855,1146
7857,269
7860,245
7861,764
7862,185
7865,507
7866,164
7868,260
7871,97
7872,176
7884,245
7894,221
7899,182
7908,929
7913,316
7914,228
7917,358
7923,102
7924,204
7928,269
7929,2743
7931,156
7935,975
7938,94
7945,688
7952,58
7960,856
7973,126
7977,118
7978,191
7981,917
7982,938
7983,907
7984,106
7987,915
7988,888
7989,72
7992,144
7997,369
7998,102
8000,424
8001,411
8002,424
8027,713
8029,763
8030,703
8032,749
8033,747
8037,355
8039,99
8044,224
8046,1085
8049,1306
8054,101
8055,44
8060,917
8071,223
8073,1141
8074,321
8075,89
8083,863
8085,145
8091,95
8092,93
8104,72
8109,251
8111,148
8112,813
8116,917
8117,827
8118,753
8119,753
8123,101
8127,146
8132,769
8133,769
8134,907
8135,888
8136,1063
8137,938
8138,915
8139,813
8140,813
8141,938
8142,915
8143,907
8144,888
8145,888
8146,917
8147,917
8148,918
8149,389
8150,419
8151,677
8156,1125
8157,58
8158,545
8159,537
8161,505
8162,568
8164,2043
8166,225
8167,1061
8171,393
8176,210
8178,8816
8179,974
8183,745
8184,542
8188,1106
8192,548
8203,570
8215,75
8222,4143
8223,2850
8224,263
8225,746
8226,349
8227,566
8228,4458
8229,5168
8230,2154
8231,326
8232,309
8233,337
8234,736
8235,1234
8237,6674
8238,416
8239,1223
8240,917
8241,7918
8242,1915
8243,1044
8244,2640
8246,2015
8247,296
8248,348
8249,1121
8250,2450
8251,284
8252,1064
8253,1427
8254,4997
8255,1162
8256,961
8257,95
8259,1297
8260,1294
8261,189
8262,162
8265,97
8270,360
8271,276
8280,49
8284,108
8286,150
8287,456
8291,415
8294,5114
8295,216
8296,208
8305,4458
8306,1379
8319,2403
8321,256
8322,430
8328,249
8333,132
8334,91
8346,628
8351,1315
8353,127
8355,1605
8359,424
8364,554
8367,805
8368,189
8369,399
8370,1251
8371,749
8373,1263
8374,532
8385,507
8395,217
8397,48
8402,1597
8405,310
8407,112
8409,1674
8410,1619
8411,1560
8414,3569
8418,1498
8419,1799
8421,1812
8435,418
8438,199
8440,193
8445,1825
8448,264
8450,385
8452,463
8454,722
8458,81
8468,953
8469,336
8471,869
8474,429
8476,1035
8477,1817
8502,160
8513,640
8516,854
8523,229
8525,243
8529,707
8532,331
8537,1012
8538,719
8539,1379
8541,633
8552,455
8559,51
8560,863
8562,659
8571,983
8576,3628
8579,553
8580,152
8581,73
8582,1395
8588,186
8592,148
8598,260
8600,238
8602,1829
8603,643
8604,369
8605,181
8608,549
8614,422
8621,185
8627,993
8635,10446
8638,314
8640,958
8643,455
8649,62
8651,591
8652,221
8654,1268
8655,1423
8672,3787
8674,84
8676,981
8677,593
8678,427
8680,500
8681,667
8682,252
8684,609
8685,600
8686,152
8687,185
8688,537
8690,967
8696,975
8697,1577
8698,487
8699,199
8701,1345
8708,255
8711,333
8712,176
8716,3592
8717,428
8728,582
8737,285
8738,1083
8740,625
8742,601
8743,1673
8745,620
8757,852
8758,1151
8760,2072
8764,1986
8771,862
8772,333
8773,1011
8775,609
8777,359
8778,5924
8789,714
8795,171
8801,222
8806,165
8808,73
8809,491
8823,670
8832,295
8838,513
8839,995
8841,921
8842,382
8867,147
8869,650
8875,841
8876,234
8880,177
8885,654
8888,622
8892,252
8893,682
8894,233
8895,116
8897,539
8900,547
8901,75
8904,434
8911,668
8913,668
8916,170
8919,1752
8921,49
8922,1542
8923,429
8925,204
8932,2613
8935,189
8940,3426
8941,477
8942,766
8946,699
8947,11935
8949,391
8951,163
8952,154
8953,204
8954,165
8956,160
8957,167
8958,177
8960,451
8962,1785
8963,1845
8964,917
8965,1414
8967,560
8973,1003
8974,3177
8976,352
8980,423
8983,2340
8984,7310
8994,428
8995,181
8997,50
8999,629
9004,311
9007,89
9010,208
9014,213
9018,74
9019,560
9025,135
9027,55
9028,408
9029,472
9030,59
9032,4583
9035,121
9037,421
9038,209
9039,109
9040,434
9041,214
9042,213
9049,661
9060,269
9061,173
9062,274
9063,72
9064,110
9070,2925
9071,195
9074,360
9075,145
9076,699
9081,608
9082,191
9083,122
9088,188
9096,75
9097,110
9098,191
9099,134
9100,80
9108,112
9111,154
9124,69
9134,74
9139,116
9146,144
9150,55
9163,1785
9164,2879
9165,336
9172,531
9173,693
9174,185
9180,284
9186,459
9187,2048
9189,3825
9190,346
9192,289
9193,532
9200,113
9203,295
9204,119
9206,405
9209,432
9214,152
9219,43
9223,1191
9225,909
9226,124
9236,831
9237,37
9246,313
9251,52
9254,714
9259,197
9260,546
9261,208
9266,475
9267,294
9268,11601
9269,356
9270,221
9272,277
9274,45
9278,16
9287,221
9288,338
9291,159
9293,97
9299,2559
9302,506
9303,2215
9306,247
9307,217
9308,218
9310,291
9311,333
9314,275
9316,469
9318,811
9321,138
9323,354
9328,244
9331,349
9333,296
9346,223
9347,218
9348,299
9351,39
9352,164
9353,332
9360,385
9362,134
9363,96
9365,3722
9368,372
9370,163
9371,181
9373,4576
9374,2688
9379,67
9380,444
9381,444
9383,413
9384,278
9386,339
9388,100
9389,58
9392,418
9395,166
9396,151
9397,166
9402,320
9404,533
9406,367
9407,403
9408,86
9410,188
9411,107
9413,26
9416,166
9417,217
9419,224
9425,2071
9426,726
9428,103
9429,278
9430,334
9434,343
9435,265
9439,1169
9442,696
9444,103
9446,171
9447,298
9449,216
9450,146
9451,177
9457,364
9458,3585
9463,259
9464,356
9465,111
9466,212
9467,391
9468,252
9473,299
9474,2034
9475,107
9477,94
9496,52
9497,299
9498,357
9502,292
9511,566
9512,363
9513,135
9516,418
9517,283
9523,232
9528,322
9529,214
9530,160
9538,443
9540,81
9542,38
9544,73
9545,347
9551,446
9552,268
9553,145
9557,111
9558,111
9562,157
9569,8701
9570,117
9571,171
9573,159
9575,421
9578,541
9580,541
9587,708
9595,258
9596,281
9597,275
9598,1319
9599,302
9613,342
9616,255
9618,71
9622,181
9629,143
9637,182
9638,494
9639,204
9648,112
9649,367
9652,175
9671,113
9673,2218
9679,460
9688,141
9694,514
9703,164
9708,174
9721,258
9736,948
9745,681
9748,148
9755,156
9758,331
9759,324
9765,749
9767,222
9770,369
9772,151
9777,299
9779,674
9785,675
9787,913
9789,188
9790,645
9791,414
9792,94
9809,148
9810,87
9811,77
9812,1664
9813,198
9814,727
9815,764
9817,2495
9818,767
9819,110
9821,292
9822,823
9823,214
9824,247
9825,33
9828,15
9829,3802
9830,2649
9834,213
9840,212
9842,87
9845,597
9849,100
9852,439
9853,913
9858,166
9860,773
9862,266
9864,110
9865,38
9866,245
9867,109
9875,179
9880,996
9884,312
9886,123
9887,101
9888,262
9889,91
9890,134
9902,1095
9905,119
9908,116
9912,784
9917,169
9919,169
9924,266
9928,304
9931,1215
9932,1788
9934,1323
9936,1095
9937,1713
9938,3939
9939,1667
9940,3334
9944,5900
9945,579
9946,186
9947,170
9948,3156
9952,232
9954,344
9955,379
9956,542
9971,153
9976,1026
9978,538
9992,355
9996,2182
9997,173
9999,85
10004,273
10006,456
10007,2278
10008,1237
10010,2828
10012,492
10015,144
10026,484
10033,239
10042,381
10047,2605
10049,226
10050,234
10057,109
10065,738
10066,43
10067,72
10068,1286
10070,168
10071,269
10076,727
10078,7010
10083,111
10084,3000
10085,969
10087,182
10088,336
10090,325
10093,416
10094,148
10096,1385
10101,284
10104,210
10109,210
10136,1422
10138,1286
10148,567
10150,2202
10153,677
10154,770
10156,251
10157,275
10160,474
10162,344
10163,627
10165,458
10166,548
10167,226
10168,977
10169,170
10170,204
10171,492
10172,330
10173,371
10174,466
10175,102
10176,359
10178,534
10179,386
10180,212
10181,202
10182,234
10183,270
10184,179
10185,697
10186,525
10187,513
10188,535
10189,1283
10190,227
10191,211
10192,938
10193,332
10194,992
10195,445
10197,431
10199,667
10201,328
10203,419
10204,476
10205,140
10210,902
10214,526
10215,176
10216,183
10219,248
10220,549
10226,193
10227,337
10228,526
10229,356
10230,337
10231,910
10232,250
10233,256
10234,299
10235,645
10236,247
10237,657
10238,1479
10239,411
10240,212
10243,1107
10244,881
10245,510
10246,1790
10254,727
10255,260
10269,580
10270,213
10272,77
10275,540
10276,230
10280,367
10282,193
10287,2082
10288,580
10289,373
10302,3114
10307,362
10326,80
10327,1385
10328,1640
10331,119
10332,763
10334,156
10340,1174
10341,66
10352,905
10353,499
10360,466
10361,99
10363,1519
10368,533
10370,241
10374,195
10379,718
10385,1144
10390,3606
10396,37
10397,26
10401,969
10405,65
10411,172
10412,85
10427,271
10433,1066
10435,395
10437,189
10438,238
10444,183
10445,548
10452,130
10456,718
10458,183
10460,141
10468,187
10473,273
10476,113
10478,1097
10479,2858
10482,296
10483,622
10484,1345
10488,245
10490,226
10491,38
10492,277
10495,159
10499,619
10501,401
10508,50
10509,43
10514,387
10515,647
10517,1054
10520,75
10524,233
10526,252
10527,198
10534,158
10559,902
10560,209
10564,4294
10566,898
10567,60
10569,304
10574,214
10580,49
10593,814
10595,895
10597,3710
10599,141
10600,73
10603,200
10604,289
10605,2290
10612,662
10614,1092
10620,87
10621,1145
10622,289
10624,192
10626,79
10630,172
10633,188
10634,188
10635,226
10641,607
10642,653
10643,590
10645,578
10646,776
10647,579
10648,573
10649,655
10650,579
10651,577
10652,606
10653,590
10654,590
10655,576
10656,602
10657,581
10660,568
10661,656
10662,608
10663,649
10664,684
10666,612
10667,568
10669,572
10671,600
10672,579
10673,569
10674,572
10679,159
10682,433
10683,5911
10689,290
10703,1796
10707,615
10719,1274
10723,1164
10724,2068
10725,246
10728,396
10731,189
10734,130
10736,347
10739,1076
10740,2075
10742,624
10748,277
10749,657
10751,240
10752,1022
10755,101
10769,333
10770,345
10771,79
10772,132
10773,92
10777,132
10778,162
10779,138
10780,125
10782,1009
10784,150
10785,588
10786,922
10787,590
10791,530
10795,158
10796,122
10804,101
10808,407
10810,132
10815,198
10817,375
10818,200
10819,129
10820,351
10823,6312
10825,137
10836,492
10837,134
10838,2470
10842,144
10849,367
10852,333
10854,118
10855,230
10857,363
10865,534
10868,287
10873,269
10875,330
10879,218
10886,1346
10891,47
10892,82
10905,164
10906,177
10908,200
10911,47
10912,79
10917,78
10921,642
10923,284
10935,795
10942,60
10953,220
10962,164
10971,1038
10974,190
10976,158
10980,767
10982,154
10983,588
10998,71
11001,206
11002,76
11004,1118
11006,140
11009,390
11011,192
11014,34
11015,119
11018,124
11021,692
11023,215
11032,86
11035,241
11060,66
11061,270
11063,260
11065,291
11066,245
11068,126
11073,183
11074,193
11075,153
11078,181
11079,53
11080,246
11084,169
11088,402
11089,56
11090,988
11104,215
11105,43
11106,68
11107,40
11108,42
11112,1357
11116,138
11125,221
11128,106
11129,174
11131,543
11133,1090
11135,72
11139,82
11140,51
11141,66
11142,65
11145,386
11149,218
11150,218
11151,144
11171,210
11172,153
11174,221
11177,502
11181,374
11184,236
11187,398
11197,239
11204,1343
11215,3246
11216,103
11218,1199
11219,54
11220,227
11223,117
11224,236
11228,238
11230,146
11233,533
11234,291
11237,533
11241,507
11251,1237
11253,1083
11255,1420
11257,844
11261,86
11263,141
11266,1192
11275,206
11278,127
11285,678
11290,299
11293,3052
11295,707
11314,83
11316,4158
11326,1766
11327,570
11332,176
11333,268
11348,322
11351,443
11355,2133
11359,939
11361,131
11362,292
11363,767
11364,649
11365,187
11366,289
11368,4625
11370,368
11371,307
11372,52
11374,74
11375,330
11376,1066
11377,745
11387,608
11410,623
11412,3696
11413,180
11415,422
11416,218
11417,159
11420,711
11424,2525
11433,218
11437,66
11441,233
11443,155
11446,132
11448,121
11450,517
11451,124
11452,223
11453,564
11459,574
11480,1496
11483,2443
11484,71
11490,764
11492,448
11493,426
11505,418
11510,1154
11512,1941
11513,1306
11515,2816
11522,1079
11523,1396
11524,1623
11526,61
11527,2996
11529,2247
11532,1462
11534,89
11535,72
11540,195
11541,358
11550,814
11558,189
11564,1493
11572,539
11581,375
11582,2912
11588,622
11597,666
11598,1386
11601,2554
11606,2554
11608,2577
11617,369
11618,404
11620,390
11621,1069
11622,170
11625,787
11626,531
11627,159
11630,122
11633,1095
11635,158
11637,502
11639,785
11640,989
11642,511
11643,155
11645,266
11646,225
11653,1073
11661,223
11668,838
11676,450
11683,1830
11697,790
11699,633
11702,749
11706,268
11712,62
11722,489
11728,665
11730,231
11734,350
11737,529
11739,152
11741,220
11746,275
11753,37
11760,215
11761,300
11762,334
11770,361
11772,1428
11774,207
11777,597
11780,297
11785,54
11786,64
11787,65
11789,68
11790,53
11792,51
11793,83
11794,51
11795,819
11797,82
11798,68
11799,191
11800,128
11801,336
11803,336
11804,336
11805,341
11806,657
11807,75
11808,336
11809,336
11814,626
11815,650
11819,716
11820,716
11825,348
11829,208
11830,548
11835,186
11836,407
11838,66
11840,29
11841,65
11843,64
11844,28
11847,204
11855,165
11858,596
11865,589
11866,626
11867,590
11873,264
11880,1843
11881,474
11882,544
11883,617
11887,165
11889,320
11891,101
11892,413
11896,341
11900,154
11903,501
11915,154
11916,271
11917,866
11919,143
11936,2249
11937,1448
11938,593
11939,294
11954,159
11955,340
11957,111
11972,144
12005,2149
12006,2147
12007,184
12012,391
12014,665
12015,230
12016,347
12018,265
12019,394
12030,180
12033,625
12034,1336
12042,626
12047,801
12048,1346
12049,82
12050,62
12052,486
12054,631
12057,276
12058,755
12059,755
12061,259
12063,590
12066,418
12068,993
12069,372
12070,222
12072,164
12073,147
12076,1867
12086,188
12088,941
12091,906
12094,494
12095,222
12099,1976
12104,453
12108,116
12109,88
12112,191
12115,379
12120,285
12125,71
12133,457
12139,168
12141,475
12145,168
12149,756
12152,597
12154,106
12156,781
12159,1340
12163,155
12173,139
12198,278
12202,241
12203,1230
12205,225
12209,419
12210,394
12215,166
12216,814
12218,768
12221,179
12225,221
12228,74
12231,568
12232,161
12233,295
12234,295
12238,470
12239,163
12242,489
12253,173
12258,218
12262,228
12267,65
12270,500
12271,500
12273,1362
12275,1364
12276,107
12278,1359
12282,207
12285,129
12288,212
12291,559
12292,180
12296,1153
12298,567
12299,1213
12302,798
12305,540
12312,504
12319,279
12326,517
12327,442
12329,152
12334,197
12338,36
12339,154
12347,308
12349,98
12351,218
12364,185
12366,568
12370,335
12376,173
12379,107
12380,21
12386,206
12394,1141
12401,196
12402,357
12403,945
12406,776
12407,925
12410,455
12421,567
12424,252
12425,110
12450,261
12454,123
12472,249
12473,275
12486,174
12492,1018
12493,460
12495,164
12508,299
12510,200
12511,299
12513,433
12514,281
12515,234
12516,216
12518,234
12519,281
12520,340
12521,216
12523,292
12531,290
12533,281
12534,281
12535,292
12536,795
12539,394
12540,1727
12542,429
12547,190
12548,525
12551,295
12553,585
12555,775
12556,199
12559,585
12563,441
12565,164
12566,1253
12575,633
12576,237
12578,705
12579,436
12581,223
12584,328
12585,244
12587,333
12588,348
12600,217
12601,1591
12602,141
12610,95
12626,181
12628,410
12633,530
12634,211
12636,194
12640,307
12642,1416
12643,1852
12644,430
12651,696
12653,1606
12658,119
12662,245
12670,3135
12671,1354
12682,1224
12683,1632
12690,289
12692,89
12696,83
12698,744
12703,796
12704,216
12705,120
12713,376
12714,2054
12716,108
12718,399
12728,215
12730,167
12731,245
12733,968
12734,485
12735,199
12737,758
12739,468
12748,350
12749,330
12750,512
12753,347
12759,358
12760,493
12764,535
12772,687
12774,251
12776,461
12779,326
12780,277
12781,367
12783,1086
12784,539
12785,310
12786,569
12788,1123
12791,967
12792,388
12793,522
12796,606
12797,718
12799,310
12801,628
12803,288
12804,380
12805,710
12807,312
12810,366
12812,628
12813,468
12816,304
12821,464
12823,389
12825,110
12826,74
12827,178
12829,483
12834,107
12835,389
12838,233
12851,389
12852,122
12853,389
12856,293
12868,628
12871,38
12874,46
12875,312
12876,402
12878,74
12879,122
12881,372
12882,122
12885,171
12888,81
12889,475
12891,240
12893,464
12894,236
12896,326
12897,540
12902,256
12904,545
12906,324
12912,2748
12917,80
12926,274
12929,1898
12935,65
12936,854
12942,139
12945,262
12958,822
12959,161
12961,218
12973,867
12984,824
12986,177
12992,158
12995,1348
13002,223
13005,469
13006,250
13007,339
13008,463
13009,1004
13010,275
13011,427
13012,345
13013,101
13014,299
13016,112
13017,179
13018,147
13021,1708
13023,223
13025,214
13026,242
13027,274
13029,243
13030,290
13031,480
13032,1189
13035,516
13038,520
13039,1283
13040,1103
13042,245
13044,1519
13045,264
13048,127
13050,347
13057,249
13058,302
13060,204
13061,318
13064,549
13070,185
13074,1672
13079,377
13105,148
13107,271
13109,2646
13114,2031
13121,439
13131,285
13132,98
13134,2257
13135,1165
13136,166
13145,307
13146,1366
13147,776
13151,1215
13161,2022
13171,570
13172,806
13183,258
13196,62
13197,276
13215,277
13216,65
13217,139
13227,47
13231,295
13237,323
13240,273
13242,444
13244,508
13245,226
13246,446
13253,97
13256,451
13257,36
13259,160
13265,334
13266,176
13267,169
13268,56
13269,159
13274,311
13279,93
13282,77
13283,365
13286,72
13288,72
13289,74
13312,492
13315,245
13319,245
13323,102
13325,648
13330,54
13333,977
13335,245
13337,1877
13338,948
13345,199
13350,1018
13353,95
13358,255
13360,253
13363,97
13364,77
13367,1068
13369,434
13370,243
13376,167
13377,230
13378,157
13382,164
13389,417
13395,505
13396,1973
13397,74
13400,115
13403,91
13407,97
13408,1538
13410,20
13413,791
13414,745
13415,533
13419,707
13422,312
13425,377
13428,204
13436,540
13450,483
13457,750
13459,104
13467,125
13470,204
13478,352
13480,454
13483,131
13494,728
13495,100
13497,236
13505,330
13506,226
13507,567
13516,348
13519,1100
13528,354
13529,87
13530,134
13532,1087
13535,131
13538,245
13539,233
13541,132
13546,137
13551,896
13556,167
13558,192
13566,139
13569,178
13607,104
13609,442
13610,272
13615,161
13622,472
13630,394
13632,390
13635,1410
13636,1103
13637,208
13638,423
13644,306
13650,274
13652,278
13653,272
13655,278
13656,281
13657,292
13658,285
13659,276
13661,279
13662,278
13664,278
13667,202
13670,282
13671,282
13672,299
13681,854
13682,372
13683,762
13685,195
13687,487
13691,1739
13703,793
13705,158
13712,203
13716,736
13717,157
13729,1173
13735,246
13736,623
13737,4945
13742,112
13754,276
13755,566
13760,1179
13761,207
13768,265
13776,170
13780,407
13788,249
13813,200
13815,98
13817,261
13819,382
13820,312
13824,422
13826,199
13827,3954
13828,219
13831,287
13832,253
13835,108
13837,145
13845,97
13847,122
13854,118
13856,161
13870,148
13875,896
13878,863
13885,174
13886,264
13889,476
13898,381
13900,1340
13901,40
13903,411
13912,790
13914,3569
13921,257
13925,1207
13927,3146
13931,73
13933,432
13938,161
13942,80
13943,228
13945,1093
13949,1499
13958,409
13960,1479
13966,31
13972,331
13977,1005
13992,307
13997,221
14001,234
14002,229
14003,253
14004,212
14005,212
14006,205
14008,248
14010,242
14011,225
14014,235
14015,242
14018,713
14020,231
14021,207
14023,745
14028,258
14029,409
14030,177
14032,376
14033,1361
14037,415
14038,398
14043,409
14045,130
14046,156
14051,212
14056,329
14058,409
14061,193
14063,26
14064,85
14072,201
14073,341
14074,353
14075,199
14077,134
14079,263
14080,163
14081,501
14082,72
14083,296
14084,107
14085,112
14086,64
14095,363
14105,228
14106,43
14108,63
14109,43
14110,43
14116,42
14117,19
14120,73
14123,1071
14124,21
14125,57
14126,132
14127,231
14128,326
14141,361
14142,207
14146,102
14156,24
14161,638
14163,448
14164,186
14170,461
14171,54
14172,64
14173,1372
14175,74
14176,226
14177,107
14186,366
14188,470
14193,86
14194,350
14196,78
14197,32
14200,135
14210,398
14216,2869
14218,2093
14219,22
14232,57
14233,79
14234,79
14235,22
14236,52
14249,240
14250,341
14257,331
14259,21
14267,80
14269,22
14270,61
14272,66
14275,22
14276,56
14281,77
14288,191
14296,164
14313,207
14315,22
14317,159
14321,82
14323,178
14338,271
14352,281
14362,47
14364,50
14366,80
14369,117
14411,306
14428,203
14429,103
14434,172
14437,20
14441,140
14443,160
14445,159
14462,293
14468,52
14470,426
14474,19
14475,42
14476,167
14477,151
14479,155
14482,348
14485,203
14488,666
14489,538
14493,208
14494,166
14496,182
14497,366
14503,646
14504,176
14505,675
14507,374
14510,688
14513,126
14514,1539
14515,40
14516,783
14517,783
14518,639
14522,114
14523,190
14525,289
14526,197
14527,512
14530,205
14531,235
14536,265
14537,76
14538,332
14544,81
14545,55
14546,99
14547,66
14548,79
14555,429
14556,523
14558,169
14562,622
14563,1371
14564,377
14565,1059
14566,356
14567,320
14568,457
14570,1137
14572,183
14575,232
14596,223
14597,163
14599,667
14600,288
14601,291
14604,311
14615,174
14619,159
14620,207
14621,180
14623,287
14624,330
14626,163
14629,177
14631,142
14632,115
14633,99
14634,258
14636,139
14637,344
14638,92
14639,184
14640,685
14641,304
14644,291
14645,134
14646,613
14648,315
14649,141
14650,484
14651,118
14652,158
14653,92
14654,21
14655,62
14656,67
14657,161
14658,160
14659,254
14660,127
14661,42
14662,106
14663,117
14664,164
14666,831
14667,623
14669,473
14671,588
14672,855
14673,397
14674,525
14675,1203
14676,290
14677,341
14679,326
14684,632
14685,713
14686,333
14687,307
14688,366
14689,1070
14690,274
14705,815
14708,1140
14709,805
14710,846
14711,310
14721,56
14722,115
14723,173
14724,133
14725,75
14726,218
14727,96
14728,73
14729,324
14730,61
14731,176
14732,68
14733,165
14734,137
14735,63
14736,31
14737,237
14738,193
14739,42
14740,47
14741,195
14742,348
14743,495
14747,707
14748,853
14764,83
14767,413
14772,49
14777,834
14779,429
14780,49
14781,315
14783,87
14784,112
14786,755
14788,397
14789,470
14790,391
14792,751
14794,572
14795,1122
14797,403
14798,150
14799,148
14802,209
14804,184
14805,208
14807,171
14809,232
14810,151
14813,164
14816,366
14817,1388
14827,235
14828,125
14830,115
14840,48
14841,48
14842,25
14843,37
14849,465
14852,42
14853,436
14855,330
14856,306
14859,330
14860,327
14862,312
14863,313
14864,318
14865,322
14866,309
14868,312
14870,92
14876,217
14877,116
14878,125
14886,139
14890,180
14891,169
14892,342
14904,122
14907,588
14909,164
14913,146
14918,29
14920,137
14928,109
14933,241
14945,93
14948,312
14950,203
14951,201
14952,260
14954,249
14955,184
14957,165
14970,983
14979,519
14980,596
14981,167
14984,165
14994,146
14996,166
15005,175
15010,479
15011,126
15012,241
15015,167
15026,168
15030,169
15031,165
15034,198
15038,211
15039,802
15048,1423
15050,170
15054,321
15055,87
15057,113
15058,85
15059,215
15060,204
15061,268
15062,170
15064,148
15065,193
15071,72
15075,63
15077,122
15081,122
15082,137
15083,125
15085,1164
15087,49
15089,780
15093,516
15097,1049
15098,268
15108,66
15118,843
15125,347
15126,168
15128,137
15129,166
15130,166
15144,150
15150,124
15163,177
15168,156
15174,281
15176,120
15178,213
15182,159
15183,233
15200,127
15211,167
15212,140
15214,170
15216,158
15217,134
15222,657
15234,265
15240,189
15248,153
15251,168
15252,140
15254,99
15263,95
15264,115
15269,189
15273,68
15276,218
15280,314
15281,203
15282,276
15292,265
15305,68
15306,62
15307,74
15309,58
15310,259
15319,195
15330,273
15332,885
15338,129
15339,157
15344,669
15354,369
15356,21
15358,411
15371,369
15374,777
15377,257
15378,210
15381,425
15385,119
15389,193
15391,229
15392,468
15393,98
15419,71
15421,102
15422,48
15431,613
15435,284
15445,112
15450,892
15451,145
15452,166
15458,584
15459,177
15465,964
15466,68
15468,202
15469,273
15473,371
15474,489
15489,469
15498,167
15502,138
15505,230
15511,2215
15514,1236
15515,951
15517,95
15519,166
15520,578
15523,436
15563,526
15566,65
15567,2114
15568,75
15572,68
15577,1937
15586,2417
15587,933
15588,328
15591,1476
15592,376
15600,145
15606,84
15612,1123
15615,113
15617,1835
15620,175
15621,102
15623,227
15625,257
15627,1490
15628,221
15630,22
15631,2465
15632,376
15634,1034
15639,373
15641,168
15653,162
15655,286
15662,362
15663,462
15664,425
15665,35
15666,1635
15668,346
15677,727
15678,334
15680,178
15681,303
15682,701
15683,618
15684,204
15686,241
15687,397
15689,274
15690,1485
15691,845
15693,879
15697,186
15700,1209
15702,719
15703,1146
15705,174
15707,1939
15711,300
15714,508
15715,336
15719,385
15721,1289
15722,477
15724,451
15726,745
15727,887
15728,348
15729,265
15740,652
15741,690
15743,2874
15744,543
15746,501
15747,476
15748,627
15749,1067
15750,349
15751,260
15754,185
15755,1207
15757,858
15759,260
15763,1400
15764,528
15766,816
15768,790
15769,302
15770,631
15771,476
15772,257
15775,1196
15776,1648
15777,1176
15778,287
15779,476
15780,1188
15781,1500
15782,512
15783,543
15784,593
15787,336
15788,476
15790,385
15791,496
15792,627
15793,652
15794,1298
15799,274
15800,97
15802,480
15805,163
15810,228
15813,546
15816,355
15817,447
15818,168
15833,61
15837,640
15845,158
15850,152
15872,470
15879,944
15881,181
15894,312
15895,369
15896,339
15897,299
15898,246
15899,273
15900,285
15901,248
15902,256
15903,279
15904,254
15905,356
15908,197
15911,918
15916,100
15918,180
15922,70
15923,135
15924,118
15925,784
15931,103
15937,411
15944,39
15945,2214
15946,383
15947,322
15955,1384
15957,206
15959,991
15961,535
15963,131
15964,209
15970,459
15976,43
15977,161
15978,33
15982,2492
15983,112
15984,207
15986,212
15987,360
15988,236
15989,269
15990,237
15991,160
15992,120
15993,117
15994,221
16001,145
16009,399
16018,112
16020,188
16026,116
16029,186
16031,371
16032,17
16034,146
16037,288
16041,276
16042,89
16046,136
16047,35
16050,459
16052,352
16053,562
16084,89
16087,2626
16090,179
16093,2319
16097,5729
16117,510
16134,201
16135,811
16141,3023
16143,853
16149,1253
16150,150
16155,435
16157,825
16160,1467
16162,585
16163,440
16165,399
16167,468
16168,801
16173,198
16174,283
16175,413
16177,712
16182,129
16183,56
16184,115
16187,238
16188,34
16189,75
16191,108
16192,96
16194,101
16195,54
16196,68
16197,231
16199,239
16208,145
16211,235
16214,1208
16239,189
16241,62
16247,762
16248,224
16250,4958
16253,101
16254,54
16255,235
16256,210
16258,128
16259,90
16260,215
16261,191
16262,90
16263,165
16265,105
16266,113
16267,123
16269,97
16272,113
16273,125
16274,90
16276,176
16279,85
16283,235
16286,113
16307,111
16310,5476
16313,474
16319,1793
16320,666
16326,486
16339,2095
16340,1053
16345,360
16346,522
16352,179
16355,1548
16358,1243
16362,101
16363,491
16366,272
16367,96
16368,521
16370,569
16371,958
16375,232
16376,647
16377,122
16380,158
16381,238
16383,164
16384,214
16389,1452
16391,1452
16393,140
16401,233
16408,1319
16412,981
16414,233
16415,234
16416,235
16418,484
16419,187
16420,190
16422,869
16424,215
16425,263
16430,81
16432,84
16433,131
16440,237
16441,230
16442,221
16443,231
16444,230
16446,235
16447,233
16452,212
16459,877
16461,156
16462,281
16463,82
16466,78
16467,77
16468,59
16469,57
16470,62
16472,84
16476,73
16477,80
16478,81
16481,313
16483,57
16485,107
16497,337
16506,767
16514,402
16515,565
16516,402
16518,419
16519,424
16520,424
16521,196
16522,128
16529,218
16530,489
16531,879
16533,813
16535,239
16536,106
16539,161
16553,371
16554,813
16557,533
16562,2451
16566,172
16569,321
16571,213
16572,92
16575,66
16578,213
16584,675
16585,252
16586,252
16587,349
16588,262
16590,333
16592,1075
16593,164
16594,493
16595,1256
16598,679
16599,569
16600,593
16601,414
16602,956
16603,361
16605,3663
16606,903
16608,700
16611,1026
16613,1782
16614,1765
16616,2193
16617,1652
16618,511
16620,1071
16621,708
16622,1138
16623,1060
16624,876
16625,703
16626,804
16627,1120
16629,1684
16630,1674
16633,1298
16636,641
16637,1436
16639,1950
16640,1962
16642,274
16644,2409
16645,1916
16646,467
16648,459
16649,525
16650,745
16652,66
16654,210
16658,678
16664,355
16666,240
16667,255
16669,248
16672,257
16673,272
16675,251
16683,186
16686,256
16687,468
16689,990
16700,1243
16701,557
16702,1032
16703,559
16705,784
16707,628
16708,623
16712,293
16720,247
16721,1989
16729,178
16737,354
16739,429
16740,234
16741,133
16746,2386
16749,270
16755,571
16757,201
16758,179
16760,173
16761,326
16762,766
16764,141
16765,183
16767,183
16775,267
16778,90
16779,951
16780,197
16782,589
16783,55
16784,71
16787,240
16796,233
16798,96
16804,1945
16811,225
16813,851
16817,194
16821,165
16824,1729
16825,1237
16826,82
16829,158
16830,105
16832,105
16835,81
16837,99
16839,2283
16840,175
16841,1198
16842,1981
16843,96
16845,95
16846,1467
16848,108
16849,118
16850,244
16851,91
16854,648
16855,278
16858,132
16859,272
16861,571
16862,1338
16866,82
16868,109
16869,107
16871,94
16872,253
16873,45
16874,126
16875,117
16877,2001
16878,458
16880,114
16881,222
16884,151
16888,178
16889,522
16890,782
16892,1257
16898,575
16901,419
16903,734
16904,1161
16913,307
16916,194
16919,235
16920,482
16921,465
16925,514
16927,357
16937,1189
16938,50
16941,1657
16943,22
16944,47
16946,699
16951,251
16953,195
16956,264
16960,251
16961,119
16962,136
16963,277
16965,220
16970,97
16971,1986
16972,57
16973,874
16977,1328
16978,279
16980,1498
16981,2975
16985,290
16986,429
16987,314
16988,468
16990,1282
16991,3556
16992,270
16993,163
16996,771
16997,678
17000,396
17002,213
17003,832
17004,330
17010,554
17011,1909
17016,358
17017,200
17018,1349
17022,84
17024,704
17027,284
17030,202
17033,949
17034,446
17038,391
17040,239
17041,246
17042,775
17043,244
17044,477
17047,1543
17049,718
17053,224
17057,288
17058,195
17062,271
17063,735
17064,779
17066,185
17067,323
17069,597
17072,571
17077,1219
17078,196
17084,1949
17085,536
17088,348
17090,1001
17093,626
17094,1238
17095,349
17096,246
17097,704
17099,609
17101,540
17104,436
17114,1333
17115,801
17118,236
17119,718
17120,708
17121,447
17122,367
17123,241
17124,201
17125,677
17126,172
17127,389
17132,106
17133,108
17134,890
17135,852
17136,1068
17137,856
17145,230
17148,199
17157,2262
17158,500
17163,196
17169,230
17174,230
17177,26
17178,43
17180,148
17184,397
17185,184
17186,119
17193,810
17200,196
17201,874
17205,874
17208,196
17210,113
17212,1759
17219,368
17220,277
17221,413
17222,708
17223,309
17227,582
17228,197
17229,195
17237,707
17239,699
17243,123
17246,170
17252,1059
17253,481
17255,842
17257,125
17261,199
17263,267
17265,349
17266,238
17274,429
17275,1534
17276,468
17278,486
17279,66
17280,140
17281,27
17282,42
17284,57
17285,185
17286,47
17287,738
17288,114
17292,184
17295,183
17308,390
17309,73
17313,63
17314,198
17315,188
17316,185
17317,197
17319,185
17320,204
17323,202
17324,191
17325,186
17326,191
17327,188
17330,194
17331,212
17332,180
17333,187
17334,193
17335,198
17336,218
17337,192
17338,188
17339,188
17341,197
17343,109
17348,141
17349,186
17352,64
17354,78
17357,186
17361,493
17363,133
17367,191
17368,207
17369,849
17371,345
17373,46
17387,88
17388,40
17393,222
17394,110
17398,249
17401,167
17403,96
17406,214
17407,228
17408,119
17411,2043
17412,1027
17414,40
17416,94
17418,100
17423,255
17428,278
17431,102
17432,51
17433,59
17434,78
17435,16
17436,70
17439,3017
17442,1394
17443,260
17444,764
17447,139
17449,778
17451,577
17452,1795
17454,489
17456,1375
17458,74
17459,206
17460,375
17461,392
17463,681
17469,1283
17472,1120
17473,170
17490,8
17494,1938
17495,400
17496,673
17497,200
17498,1403
17499,264
17500,81
17514,484
17519,253
17524,233
17529,178
17532,188
17535,173
17553,185
17555,875
17556,185
17557,194
17564,182
17570,238
17571,800
17594,145
17595,153
17596,140
17598,141
17599,131
17601,138
17603,259
17607,75
17614,147
17627,581
17629,344
17633,1668
17634,151
17636,136
17637,144
17638,150
17640,131
17641,159
17642,139
17644,129
17646,149
17647,152
17648,139
17651,71
17652,140
17665,168
17669,316
17672,205
17678,211
17681,251
17683,158
17687,301
17689,781
17691,202
17692,403
17705,922
17714,72
17721,188
17740,439
17743,168
17744,70
17745,205
17747,1815
17751,732
17786,173
17799,668
17802,195
17803,195
17806,205
17812,232
17813,219
17815,175
17818,185
17826,282
17828,234
17830,291
17831,175
17832,235
17833,252
17834,204
17835,234
17838,838
17840,177
17841,182
17843,616
17845,254
17849,62
17859,139
17863,57
17866,79
17870,61
17872,153
17873,60
17879,67
17884,131
17887,62
17896,40
17916,180
17920,145
17923,155
17929,470
17932,190
17933,159
17934,144
17935,167
17937,149
17938,182
17954,140
17958,35
17961,34
17966,36
17969,37
17974,37
17975,35
17977,37
17978,37
17979,37
17980,35
17983,37
17984,41
17985,35
17987,35
17989,47
17994,47
18003,164
18023,546
18041,137
18042,47
18043,302
18044,49
18046,189
18053,199
18055,262
18056,54
18057,567
18058,333
18064,157
18065,144
18066,107
18068,225
18076,367
18077,204
18078,493
18079,388
18080,715
18081,401
18082,704
18083,432
18084,191
18086,1348
18087,1732
18088,346
18089,331
18090,336
18091,549
18092,301
18093,291
18095,270
18096,506
18099,378
18100,704
18106,252
18107,280
18108,508
18111,489
18113,458
18114,357
18115,348
18116,572
18117,778
18119,512
18120,148
18121,497
18122,512
18123,803
18131,66
18134,113
18136,221
18139,74
18140,221
18147,90
18149,224
18151,110
18158,112
18163,224
18164,222
18166,76
18167,78
18168,225
18169,151
18170,113
18171,100
18173,225
18176,224
18178,63
18185,211
18186,133
18187,236
18197,231
18198,351
18214,195
18216,574
18219,419
18220,68
18224,1160
18235,389
18240,222
18245,82
18246,127
18255,447
18256,454
18257,486
18265,302
18266,223
18267,269
18268,147
18273,604
18278,86
18280,247
18281,152
18285,166
18294,1490
18298,1476
18303,465
18304,828
18311,343
18312,531
18313,93
18323,374
18328,337
18329,428
18330,286
18335,258
18336,170
18339,179
18340,99
18341,209
18343,58
18345,79
18346,389
18347,75
18352,167
18353,408
18354,208
18356,230
18357,175
18358,332
18363,2514
18364,245
18366,735
18369,1404
18371,2329
18378,389
18379,389
18383,222
18386,1621
18387,73
18392,76
18394,1022
18395,389
18397,67
18398,1285
18399,391
18400,80
18401,2784
18402,65
18404,393
18405,58
18407,227
18411,58
18414,241
18417,57
18418,376
18421,382
18424,762
18426,378
18427,852
18428,242
18430,1379
18432,2680
18433,6972
18435,216
18437,699
18443,396
18444,1021
18446,290
18449,975
18457,350
18460,499
18470,90
18472,674
18483,401
18488,419
18490,661
18491,131
18492,518
18494,1448
18499,1298
18502,296
18503,450
18511,996
18519,201
18520,73
18522,20
18523,24
18524,44
18525,373
18526,26
18527,30
18528,61
18529,67
18530,132
18531,43
18532,56
18533,72
18534,72
18539,24
18546,523
18547,24
18548,44
18549,48
18550,68
18551,20
18552,24
18553,35
18554,35
18555,127
18557,122
18558,122
18559,1817
18560,405
18561,300
18563,466
18565,1068
18567,20
18568,24
18569,35
18570,43
18572,312
18573,20
18574,24
18575,47
18576,43
18577,122
18583,261
18585,296
18591,207
18592,169
18593,324
18594,324
18597,513
18598,521
18601,22
18602,26
18603,41
18604,52
18605,119
18612,1395
18615,28
18616,30
18617,49
18618,57
18619,52
18620,153
18621,300
18624,1368
18625,20
18627,35
18628,52
18629,20
18630,24
18631,35
18632,43
18633,200
18644,20
18646,24
18647,35
18648,35
18649,117
18650,121
18651,165
18652,20
18655,131
18656,24
18657,362
18659,35
18660,233
18662,130
18664,21
18665,25
18666,40
18667,46
18668,124
18670,20
18671,24
18672,35
18673,35
18674,120
18675,117
18676,529
18677,193
18691,20
18692,24
18693,35
18694,35
18695,123
18696,20
18700,251
18708,22
18709,26
18711,49
18712,49
18714,202
18719,268
18720,135
18735,24
18741,272
18751,35
18756,90
18757,39
18758,22
18759,26
18760,39
18772,113
18775,84
18777,8
18780,20
18781,24
18782,37
18783,37
18784,600
18791,25
18792,37
18793,45
18794,53
18795,101
18797,373
18798,352
18800,305
18805,22
18806,26
18807,43
18811,32
18813,32
18815,81
18817,20
18818,24
18819,35
18820,35
18821,120
18829,114
18830,112
18832,31
18833,61
18834,61
18838,20
18839,24
18840,35
18841,35
18842,90
18843,20
18844,24
18845,35
18846,35
18847,87
18854,51
18855,152
18868,23
18871,116
18872,24
18873,79
18875,20
18877,31
18878,35
18879,35
18881,25
18883,36
18885,44
18886,91
18888,179
18890,153
18891,170
18892,22
18893,26
18895,92
18896,25
18897,36
18898,44
18899,91
18900,18
18903,34
18904,37
18905,35
18906,48
18907,25
18908,32
18909,166
18910,43
18911,35
18912,173
18913,43
18914,35
18915,162
18918,22
18919,27
18920,46
18921,65
18922,133
18931,1439
18946,109
18947,836
18949,1421
18951,123
18952,254
18955,301
18958,36
18959,533
18960,1815
18961,230
18965,705
18966,400
18967,222
18968,326
18969,562
18977,155
18978,86
18982,324
